{
    "settings": {
        "index":{
            "number_of_shards": "1",
            "number_of_replicas": "1"
        },
        "analysis" :{
            "analyzer":{
                "sinhala-analyzer":{
                    "type": "custom",
                    "tokenizer": "icu_tokenizer",
                    "filter":["edge_ngram_custom_filter"]
                }
            },
            "filter" : {
                "edge_ngram_custom_filter":{
                    "type": "edge_ngram",
                    "min_gram" : 2,
                    "max_gram" : 50,
                    "side" : "front"
                }
            }
        }
    },
    "mappings": {
        "properties": {
                "title": {
                    "type": "text",
                    "fields": {
                        "keyword": {
                            "type": "keyword",
                            "ignore_above": 256
                        }
                    },
                    "analyzer" : "sinhala-analyzer",
                    "search_analyzer": "standard"
                },
                "lyrics": {
                    "type": "text",
                    "fields": {
                        "keyword": {
                            "type": "keyword",
                            "ignore_above": 256
                        }
                    },
                    "analyzer" : "sinhala-analyzer",
                    "search_analyzer": "standard"
                },
                "artist": {
                    "type": "text",
                    "fields": {
                        "keyword": {
                            "type": "keyword",
                            "ignore_above": 256
                        }
                    },
                    "analyzer" : "sinhala-analyzer",
                    "search_analyzer": "standard"
                },
                "writer": {
                    "type": "text",
                    "fields": {
                        "keyword": {
                            "type": "keyword",
                            "ignore_above": 256
                        }
                    },
                    "analyzer" : "sinhala-analyzer",
                    "search_analyzer": "standard"
                },
                "genre": {
                    "type": "text",
                    "fields": {
                        "keyword": {
                            "type": "keyword",
                            "ignore_above": 256
                        }
                    },
                    "analyzer" : "sinhala-analyzer",
                    "search_analyzer": "standard"
                },
                "music": {
                    "type": "text",
                    "fields": {
                        "keyword": {
                            "type": "keyword",
                            "ignore_above": 256
                        }
                    },
                    "analyzer" : "sinhala-analyzer",
                    "search_analyzer": "standard"
                },"metaphor": {
                    "properties": {
                        "lyrics_part": {
                            "type": "text",
                            "fields": {
                                "keyword": {
                                    "type": "keyword",
                                    "ignore_above": 256
                                }
                            },
                            "analyzer" : "sinhala-analyzer",
                            "search_analyzer": "standard"
                        },
                        "meaning": {
                            "type": "text",
                            "fields": {
                                "keyword": {
                                    "type": "keyword",
                                    "ignore_above": 256
                                }
                            },
                            "analyzer" : "sinhala-analyzer",
                            "search_analyzer": "standard"
                        },
                        
                        "source_domain": {
                            "type": "text",
                            "fields": {
                                "keyword": {
                                    "type": "keyword",
                                    "ignore_above": 256
                                }
                            },
                            "analyzer" : "sinhala-analyzer",
                            "search_analyzer": "standard"
                        },
                        "target_domain": {
                            "type": "text",
                            "fields": {
                                "keyword": {
                                    "type": "keyword",
                                    "ignore_above": 256
                                }
                            },
                            "analyzer" : "sinhala-analyzer",
                            "search_analyzer": "standard"
                        }
                    }
                }
        }
    }
}